[{"_key": "Y07", "Lane": "環狀線", "StationName": "大坪林", "PreStation": "", "NextStation": "Y08", "Joint": 1, "Transit": "G04", "Weight": 36}, {"_key": "Y08", "Lane": "環狀線", "StationName": "十四張", "PreStation": "Y07", "NextStation": "Y09", "Joint": 0, "Transit": "", "Weight": 84}, {"_key": "Y09", "Lane": "環狀線", "StationName": "秀朗橋", "PreStation": "Y08", "NextStation": "Y10", "Joint": 0, "Transit": "", "Weight": 64}, {"_key": "Y10", "Lane": "環狀線", "StationName": "景平", "PreStation": "Y09", "NextStation": "Y11", "Joint": 0, "Transit": "", "Weight": 78}, {"_key": "Y11", "Lane": "環狀線", "StationName": "景安", "PreStation": "Y10", "NextStation": "Y12", "Joint": 1, "Transit": "O02", "Weight": 13}, {"_key": "Y12", "Lane": "環狀線", "StationName": "中和", "PreStation": "Y11", "NextStation": "Y13", "Joint": 0, "Transit": "", "Weight": 19}, {"_key": "Y13", "Lane": "環狀線", "StationName": "橋和", "PreStation": "Y12", "NextStation": "Y14", "Joint": 0, "Transit": "", "Weight": 56}, {"_key": "Y14", "Lane": "環狀線", "StationName": "中原", "PreStation": "Y13", "NextStation": "Y15", "Joint": 0, "Transit": "", "Weight": 68}, {"_key": "Y15", "Lane": "環狀線", "StationName": "板新", "PreStation": "Y14", "NextStation": "Y16", "Joint": 0, "Transit": "", "Weight": 44}, {"_key": "Y16", "Lane": "環狀線", "StationName": "板橋", "PreStation": "Y15", "NextStation": "Y17", "Joint": 1, "Transit": "BL07", "Weight": 38}, {"_key": "Y17", "Lane": "環狀線", "StationName": "新埔民生", "PreStation": "Y16", "NextStation": "Y18", "Joint": 1, "Transit": "BL06", "Weight": 18}, {"_key": "Y18", "Lane": "環狀線", "StationName": "頭前庄", "PreStation": "Y17", "NextStation": "Y19", "Joint": 1, "Transit": "O17", "Weight": 71}, {"_key": "Y19", "Lane": "環狀線", "StationName": "幸福", "PreStation": "Y18", "NextStation": "Y20", "Joint": 0, "Transit": "", "Weight": 73}, {"_key": "Y20", "Lane": "環狀線", "StationName": "新北產業園區", "PreStation": "Y19", "NextStation": "", "Joint": 0, "Transit": "", "Weight": 99}]
