[{"_key": "G01", "Lane": "松山新店線", "StationName": "新店", "PreStation": "", "NextStation": "G02", "Joint": 0, "Transit": "", "Weight": 74}, {"_key": "G02", "Lane": "松山新店線", "StationName": "新店區公所", "PreStation": "G01", "NextStation": "G03", "Joint": 0, "Transit": "", "Weight": 40}, {"_key": "G03", "Lane": "松山新店線", "StationName": "七張", "PreStation": "G02", "NextStation": "G04", "Joint": 1, "Transit": "G03A", "Weight": 31}, {"_key": "G04", "Lane": "松山新店線", "StationName": "大坪林", "PreStation": "G03", "NextStation": "G05", "Joint": 1, "Transit": "Y07", "Weight": 15}, {"_key": "G05", "Lane": "松山新店線", "StationName": "景美", "PreStation": "G04", "NextStation": "G06", "Joint": 0, "Transit": "", "Weight": 59}, {"_key": "G06", "Lane": "松山新店線", "StationName": "萬隆", "PreStation": "G05", "NextStation": "G07", "Joint": 0, "Transit": "", "Weight": 76}, {"_key": "G07", "Lane": "松山新店線", "StationName": "公館", "PreStation": "G06", "NextStation": "G08", "Joint": 0, "Transit": "", "Weight": 54}, {"_key": "G08", "Lane": "松山新店線", "StationName": "台電大樓", "PreStation": "G07", "NextStation": "G09", "Joint": 0, "Transit": "", "Weight": 63}, {"_key": "G09", "Lane": "松山新店線", "StationName": "古亭", "PreStation": "G08", "NextStation": "G10", "Joint": 1, "Transit": "O05", "Weight": 36}, {"_key": "G10", "Lane": "松山新店線", "StationName": "中正紀念堂", "PreStation": "G09", "NextStation": "G11", "Joint": 1, "Transit": "R08", "Weight": 49}, {"_key": "G11", "Lane": "松山新店線", "StationName": "小南門", "PreStation": "G10", "NextStation": "G12", "Joint": 0, "Transit": "", "Weight": 74}, {"_key": "G12", "Lane": "松山新店線", "StationName": "西門", "PreStation": "G11", "NextStation": "G13", "Joint": 1, "Transit": "BL11", "Weight": 48}, {"_key": "G13", "Lane": "松山新店線", "StationName": "北門", "PreStation": "G12", "NextStation": "G14", "Joint": 0, "Transit": "", "Weight": 62}, {"_key": "G14", "Lane": "松山新店線", "StationName": "中山", "PreStation": "G13", "NextStation": "G15", "Joint": 1, "Transit": "R11", "Weight": 72}, {"_key": "G15", "Lane": "松山新店線", "StationName": "松江南京", "PreStation": "G14", "NextStation": "G16", "Joint": 1, "Transit": "O08", "Weight": 5}, {"_key": "G16", "Lane": "松山新店線", "StationName": "南京復興", "PreStation": "G15", "NextStation": "G17", "Joint": 1, "Transit": "BR11", "Weight": 2}, {"_key": "G17", "Lane": "松山新店線", "StationName": "台北小巨蛋", "PreStation": "G16", "NextStation": "G18", "Joint": 0, "Transit": "", "Weight": 39}, {"_key": "G18", "Lane": "松山新店線", "StationName": "南京三民", "PreStation": "G17", "NextStation": "G19", "Joint": 0, "Transit": "", "Weight": 3}, {"_key": "G19", "Lane": "松山新店線", "StationName": "松山", "PreStation": "G18", "NextStation": "", "Joint": 0, "Transit": "", "Weight": 8}, {"_key": "G03A", "Lane": "松山新店線", "StationName": "小碧潭", "PreStation": "G03", "NextStation": "", "Joint": 1, "Transit": "G03", "Weight": 73}]
