[{"_key": "BR01", "Lane": "文湖線", "StationName": "動物園", "PreStation": "", "NextStation": "BR02", "Joint": 0, "Transit": "", "Weight": 75}, {"_key": "BR02", "Lane": "文湖線", "StationName": "木柵", "PreStation": "BR01", "NextStation": "BR03", "Joint": 0, "Transit": "", "Weight": 23}, {"_key": "BR03", "Lane": "文湖線", "StationName": "萬芳社區", "PreStation": "BR02", "NextStation": "BR04", "Joint": 0, "Transit": "", "Weight": 47}, {"_key": "BR04", "Lane": "文湖線", "StationName": "萬芳醫院", "PreStation": "BR03", "NextStation": "BR05", "Joint": 0, "Transit": "", "Weight": 99}, {"_key": "BR05", "Lane": "文湖線", "StationName": "辛亥", "PreStation": "BR04", "NextStation": "BR06", "Joint": 0, "Transit": "", "Weight": 87}, {"_key": "BR06", "Lane": "文湖線", "StationName": "麟光", "PreStation": "BR05", "NextStation": "BR07", "Joint": 0, "Transit": "", "Weight": 78}, {"_key": "BR07", "Lane": "文湖線", "StationName": "六張犁", "PreStation": "BR06", "NextStation": "BR08", "Joint": 0, "Transit": "", "Weight": 30}, {"_key": "BR08", "Lane": "文湖線", "StationName": "科技大樓", "PreStation": "BR07", "NextStation": "BR09", "Joint": 0, "Transit": "", "Weight": 81}, {"_key": "BR09", "Lane": "文湖線", "StationName": "大安", "PreStation": "BR08", "NextStation": "BR10", "Joint": 1, "Transit": "R05", "Weight": 8}, {"_key": "BR10", "Lane": "文湖線", "StationName": "忠孝復興", "PreStation": "BR09", "NextStation": "BR11", "Joint": 1, "Transit": "BL15", "Weight": 94}, {"_key": "BR11", "Lane": "文湖線", "StationName": "南京復興", "PreStation": "BR10", "NextStation": "BR12", "Joint": 1, "Transit": "G16", "Weight": 73}, {"_key": "BR12", "Lane": "文湖線", "StationName": "中山國中", "PreStation": "BR11", "NextStation": "BR13", "Joint": 0, "Transit": "", "Weight": 6}, {"_key": "BR13", "Lane": "文湖線", "StationName": "松山機場", "PreStation": "BR12", "NextStation": "BR14", "Joint": 0, "Transit": "", "Weight": 55}, {"_key": "BR14", "Lane": "文湖線", "StationName": "大直", "PreStation": "BR13", "NextStation": "BR15", "Joint": 0, "Transit": "", "Weight": 93}, {"_key": "BR15", "Lane": "文湖線", "StationName": "劍南路", "PreStation": "BR14", "NextStation": "BR16", "Joint": 0, "Transit": "", "Weight": 73}, {"_key": "BR16", "Lane": "文湖線", "StationName": "西湖", "PreStation": "BR15", "NextStation": "BR17", "Joint": 0, "Transit": "", "Weight": 29}, {"_key": "BR17", "Lane": "文湖線", "StationName": "港墘", "PreStation": "BR16", "NextStation": "BR18", "Joint": 0, "Transit": "", "Weight": 55}, {"_key": "BR18", "Lane": "文湖線", "StationName": "文德", "PreStation": "BR17", "NextStation": "BR19", "Joint": 0, "Transit": "", "Weight": 28}, {"_key": "BR19", "Lane": "文湖線", "StationName": "內湖", "PreStation": "BR18", "NextStation": "BR20", "Joint": 0, "Transit": "", "Weight": 32}, {"_key": "BR20", "Lane": "文湖線", "StationName": "大湖公園", "PreStation": "BR19", "NextStation": "BR21", "Joint": 0, "Transit": "", "Weight": 63}, {"_key": "BR21", "Lane": "文湖線", "StationName": "葫洲", "PreStation": "BR20", "NextStation": "BR22", "Joint": 0, "Transit": "", "Weight": 14}, {"_key": "BR22", "Lane": "文湖線", "StationName": "東湖", "PreStation": "BR21", "NextStation": "BR23", "Joint": 0, "Transit": "", "Weight": 7}, {"_key": "BR23", "Lane": "文湖線", "StationName": "南港軟體園區", "PreStation": "BR22", "NextStation": "BR24", "Joint": 0, "Transit": "", "Weight": 51}, {"_key": "BR24", "Lane": "文湖線", "StationName": "南港展覽館", "PreStation": "BR23", "NextStation": "", "Joint": 1, "Transit": "BL23", "Weight": 45}]
