[{"_key": "O01", "Lane": "中和新蘆線", "StationName": "南勢角", "PreStation": "", "NextStation": "O02", "Joint": 0, "Transit": "", "Weight": 50}, {"_key": "O02", "Lane": "中和新蘆線", "StationName": "景安", "PreStation": "O01", "NextStation": "O03", "Joint": 1, "Transit": "Y11", "Weight": 61}, {"_key": "O03", "Lane": "中和新蘆線", "StationName": "永安市場", "PreStation": "O02", "NextStation": "O04", "Joint": 0, "Transit": "", "Weight": 77}, {"_key": "O04", "Lane": "中和新蘆線", "StationName": "頂溪", "PreStation": "O03", "NextStation": "O05", "Joint": 0, "Transit": "", "Weight": 78}, {"_key": "O05", "Lane": "中和新蘆線", "StationName": "古亭", "PreStation": "O04", "NextStation": "O06", "Joint": 1, "Transit": "G09", "Weight": 42}, {"_key": "O06", "Lane": "中和新蘆線", "StationName": "東門", "PreStation": "O05", "NextStation": "O07", "Joint": 1, "Transit": "R07", "Weight": 59}, {"_key": "O07", "Lane": "中和新蘆線", "StationName": "忠孝新生", "PreStation": "O06", "NextStation": "O08", "Joint": 1, "Transit": "BL14", "Weight": 39}, {"_key": "O08", "Lane": "中和新蘆線", "StationName": "松江南京", "PreStation": "O07", "NextStation": "O09", "Joint": 1, "Transit": "G15", "Weight": 62}, {"_key": "O09", "Lane": "中和新蘆線", "StationName": "行天宮", "PreStation": "O08", "NextStation": "O10", "Joint": 0, "Transit": "", "Weight": 79}, {"_key": "O10", "Lane": "中和新蘆線", "StationName": "中山國小", "PreStation": "O09", "NextStation": "O11", "Joint": 0, "Transit": "", "Weight": 1}, {"_key": "O11", "Lane": "中和新蘆線", "StationName": "民權西路", "PreStation": "O10", "NextStation": "O12", "Joint": 1, "Transit": "R13", "Weight": 39}, {"_key": "O12", "Lane": "中和新蘆線", "StationName": "大橋頭", "PreStation": "O11", "NextStation": "O13", "Joint": 0, "Transit": "", "Weight": 89}, {"_key": "O13", "Lane": "中和新蘆線", "StationName": "台北橋", "PreStation": "O12", "NextStation": "O14", "Joint": 0, "Transit": "", "Weight": 53}, {"_key": "O14", "Lane": "中和新蘆線", "StationName": "菜寮", "PreStation": "O13", "NextStation": "O15", "Joint": 0, "Transit": "", "Weight": 1}, {"_key": "O15", "Lane": "中和新蘆線", "StationName": "三重", "PreStation": "O14", "NextStation": "O16", "Joint": 0, "Transit": "", "Weight": 39}, {"_key": "O16", "Lane": "中和新蘆線", "StationName": "先嗇宮", "PreStation": "O15", "NextStation": "O17", "Joint": 0, "Transit": "", "Weight": 29}, {"_key": "O17", "Lane": "中和新蘆線", "StationName": "頭前庄", "PreStation": "O16", "NextStation": "O18", "Joint": 1, "Transit": "Y18", "Weight": 52}, {"_key": "O18", "Lane": "中和新蘆線", "StationName": "新莊", "PreStation": "O17", "NextStation": "O19", "Joint": 0, "Transit": "", "Weight": 63}, {"_key": "O19", "Lane": "中和新蘆線", "StationName": "輔大", "PreStation": "O18", "NextStation": "O20", "Joint": 0, "Transit": "", "Weight": 90}, {"_key": "O20", "Lane": "中和新蘆線", "StationName": "丹鳳", "PreStation": "O19", "NextStation": "O21", "Joint": 0, "Transit": "", "Weight": 51}, {"_key": "O21", "Lane": "中和新蘆線", "StationName": "迴龍", "PreStation": "O20", "NextStation": "", "Joint": 0, "Transit": "", "Weight": 91}, {"_key": "O50", "Lane": "中和新蘆線", "StationName": "三重國小", "PreStation": "O12", "NextStation": "O51", "Joint": 0, "Transit": "", "Weight": 24}, {"_key": "O51", "Lane": "中和新蘆線", "StationName": "三和國中", "PreStation": "O50", "NextStation": "O52", "Joint": 0, "Transit": "", "Weight": 82}, {"_key": "O52", "Lane": "中和新蘆線", "StationName": "徐匯中學", "PreStation": "O51", "NextStation": "O53", "Joint": 0, "Transit": "", "Weight": 25}, {"_key": "O53", "Lane": "中和新蘆線", "StationName": "三民高中", "PreStation": "O52", "NextStation": "O54", "Joint": 0, "Transit": "", "Weight": 38}, {"_key": "O54", "Lane": "中和新蘆線", "StationName": "蘆洲", "PreStation": "O53", "NextStation": "", "Joint": 0, "Transit": "", "Weight": 66}]
