[{"_key": "R02", "Lane": "淡水信義線", "StationName": "象山", "PreStation": "", "NextStation": "R03", "Joint": 0, "Transit": "", "Weight": 94}, {"_key": "R03", "Lane": "淡水信義線", "StationName": "台北101/世貿", "PreStation": "R02", "NextStation": "R04", "Joint": 0, "Transit": "", "Weight": 50}, {"_key": "R04", "Lane": "淡水信義線", "StationName": "信義安和", "PreStation": "R03", "NextStation": "R05", "Joint": 0, "Transit": "", "Weight": 98}, {"_key": "R05", "Lane": "淡水信義線", "StationName": "大安", "PreStation": "R04", "NextStation": "R06", "Joint": 1, "Transit": "BR09", "Weight": 9}, {"_key": "R06", "Lane": "淡水信義線", "StationName": "大安森林公園", "PreStation": "R05", "NextStation": "R07", "Joint": 0, "Transit": "", "Weight": 80}, {"_key": "R07", "Lane": "淡水信義線", "StationName": "東門", "PreStation": "R06", "NextStation": "R08", "Joint": 1, "Transit": "O06", "Weight": 48}, {"_key": "R08", "Lane": "淡水信義線", "StationName": "中正紀念堂", "PreStation": "R07", "NextStation": "R09", "Joint": 1, "Transit": "G10", "Weight": 15}, {"_key": "R09", "Lane": "淡水信義線", "StationName": "台大醫院", "PreStation": "R08", "NextStation": "R10", "Joint": 0, "Transit": "", "Weight": 6}, {"_key": "R10", "Lane": "淡水信義線", "StationName": "台北車站", "PreStation": "R09", "NextStation": "R11", "Joint": 1, "Transit": "BL12", "Weight": 97}, {"_key": "R11", "Lane": "淡水信義線", "StationName": "中山", "PreStation": "R10", "NextStation": "R12", "Joint": 1, "Transit": "G14", "Weight": 33}, {"_key": "R12", "Lane": "淡水信義線", "StationName": "雙連", "PreStation": "R11", "NextStation": "R13", "Joint": 0, "Transit": "", "Weight": 18}, {"_key": "R13", "Lane": "淡水信義線", "StationName": "民權西路", "PreStation": "R12", "NextStation": "R14", "Joint": 1, "Transit": "O11", "Weight": 52}, {"_key": "R14", "Lane": "淡水信義線", "StationName": "圓山", "PreStation": "R13", "NextStation": "R15", "Joint": 0, "Transit": "", "Weight": 31}, {"_key": "R15", "Lane": "淡水信義線", "StationName": "劍潭", "PreStation": "R14", "NextStation": "R16", "Joint": 0, "Transit": "", "Weight": 65}, {"_key": "R16", "Lane": "淡水信義線", "StationName": "士林", "PreStation": "R15", "NextStation": "R17", "Joint": 0, "Transit": "", "Weight": 33}, {"_key": "R17", "Lane": "淡水信義線", "StationName": "芝山", "PreStation": "R16", "NextStation": "R18", "Joint": 0, "Transit": "", "Weight": 75}, {"_key": "R18", "Lane": "淡水信義線", "StationName": "明德", "PreStation": "R17", "NextStation": "R19", "Joint": 0, "Transit": "", "Weight": 36}, {"_key": "R19", "Lane": "淡水信義線", "StationName": "石牌", "PreStation": "R18", "NextStation": "R20", "Joint": 0, "Transit": "", "Weight": 5}, {"_key": "R20", "Lane": "淡水信義線", "StationName": "唭哩岸", "PreStation": "R19", "NextStation": "R21", "Joint": 0, "Transit": "", "Weight": 56}, {"_key": "R21", "Lane": "淡水信義線", "StationName": "奇岩", "PreStation": "R20", "NextStation": "R22", "Joint": 0, "Transit": "", "Weight": 53}, {"_key": "R22", "Lane": "淡水信義線", "StationName": "北投", "PreStation": "R21", "NextStation": "R23", "Joint": 1, "Transit": "R22A", "Weight": 89}, {"_key": "R23", "Lane": "淡水信義線", "StationName": "復興崗", "PreStation": "R22", "NextStation": "R24", "Joint": 0, "Transit": "", "Weight": 6}, {"_key": "R24", "Lane": "淡水信義線", "StationName": "忠義", "PreStation": "R23", "NextStation": "R25", "Joint": 0, "Transit": "", "Weight": 52}, {"_key": "R25", "Lane": "淡水信義線", "StationName": "關渡", "PreStation": "R24", "NextStation": "R26", "Joint": 0, "Transit": "", "Weight": 70}, {"_key": "R26", "Lane": "淡水信義線", "StationName": "竹圍", "PreStation": "R25", "NextStation": "R27", "Joint": 0, "Transit": "", "Weight": 75}, {"_key": "R27", "Lane": "淡水信義線", "StationName": "紅樹林", "PreStation": "R26", "NextStation": "R28", "Joint": 0, "Transit": "", "Weight": 15}, {"_key": "R28", "Lane": "淡水信義線", "StationName": "淡水", "PreStation": "R27", "NextStation": "", "Joint": 0, "Transit": "", "Weight": 54}, {"_key": "R22A", "Lane": "淡水信義線", "StationName": "新北投", "PreStation": "R22", "NextStation": "", "Joint": 1, "Transit": "R22", "Weight": 9}]
