[{"_key": "BL01", "Lane": "板南線", "StationName": "頂埔", "PreStation": "", "NextStation": "BL02", "Joint": 0, "Transit": "", "Weight": 43}, {"_key": "BL02", "Lane": "板南線", "StationName": "永寧", "PreStation": "BL01", "NextStation": "BL03", "Joint": 0, "Transit": "", "Weight": 50}, {"_key": "BL03", "Lane": "板南線", "StationName": "土城", "PreStation": "BL02", "NextStation": "BL04", "Joint": 0, "Transit": "", "Weight": 50}, {"_key": "BL04", "Lane": "板南線", "StationName": "海山", "PreStation": "BL03", "NextStation": "BL05", "Joint": 0, "Transit": "", "Weight": 20}, {"_key": "BL05", "Lane": "板南線", "StationName": "亞東醫院", "PreStation": "BL04", "NextStation": "BL06", "Joint": 0, "Transit": "", "Weight": 91}, {"_key": "BL06", "Lane": "板南線", "StationName": "府中", "PreStation": "BL05", "NextStation": "BL07", "Joint": 0, "Transit": "", "Weight": 58}, {"_key": "BL07", "Lane": "板南線", "StationName": "板橋", "PreStation": "BL06", "NextStation": "BL08", "Joint": 1, "Transit": "Y18", "Weight": 12}, {"_key": "BL08", "Lane": "板南線", "StationName": "新埔", "PreStation": "BL07", "NextStation": "BL09", "Joint": 1, "Transit": "Y17", "Weight": 50}, {"_key": "BL09", "Lane": "板南線", "StationName": "江子翠", "PreStation": "BL08", "NextStation": "BL10", "Joint": 0, "Transit": "", "Weight": 38}, {"_key": "BL10", "Lane": "板南線", "StationName": "龍山寺", "PreStation": "BL09", "NextStation": "BL11", "Joint": 0, "Transit": "", "Weight": 97}, {"_key": "BL11", "Lane": "板南線", "StationName": "西門", "PreStation": "BL10", "NextStation": "BL12", "Joint": 1, "Transit": "G12", "Weight": 60}, {"_key": "BL12", "Lane": "板南線", "StationName": "台北車站", "PreStation": "BL11", "NextStation": "BL13", "Joint": 1, "Transit": "R10", "Weight": 78}, {"_key": "BL13", "Lane": "板南線", "StationName": "善導寺", "PreStation": "BL12", "NextStation": "BL14", "Joint": 0, "Transit": "", "Weight": 79}, {"_key": "BL14", "Lane": "板南線", "StationName": "忠孝新生", "PreStation": "BL13", "NextStation": "BL15", "Joint": 1, "Transit": "O07", "Weight": 44}, {"_key": "BL15", "Lane": "板南線", "StationName": "忠孝復興", "PreStation": "BL14", "NextStation": "BL16", "Joint": 1, "Transit": "BR10", "Weight": 46}, {"_key": "BL16", "Lane": "板南線", "StationName": "忠孝敦化", "PreStation": "BL15", "NextStation": "BL17", "Joint": 0, "Transit": "", "Weight": 52}, {"_key": "BL17", "Lane": "板南線", "StationName": "國父紀念館", "PreStation": "BL16", "NextStation": "BL18", "Joint": 0, "Transit": "", "Weight": 23}, {"_key": "BL18", "Lane": "板南線", "StationName": "市政府", "PreStation": "BL17", "NextStation": "BL19", "Joint": 0, "Transit": "", "Weight": 21}, {"_key": "BL19", "Lane": "板南線", "StationName": "永春", "PreStation": "BL18", "NextStation": "BL20", "Joint": 0, "Transit": "", "Weight": 31}, {"_key": "BL20", "Lane": "板南線", "StationName": "後山埤", "PreStation": "BL19", "NextStation": "BL21", "Joint": 0, "Transit": "", "Weight": 90}, {"_key": "BL21", "Lane": "板南線", "StationName": "昆陽", "PreStation": "BL20", "NextStation": "BL22", "Joint": 0, "Transit": "", "Weight": 85}, {"_key": "BL22", "Lane": "板南線", "StationName": "南港", "PreStation": "BL21", "NextStation": "BL23", "Joint": 0, "Transit": "", "Weight": 78}, {"_key": "BL23", "Lane": "板南線", "StationName": "南港展覽館", "PreStation": "BL22", "NextStation": "", "Joint": 1, "Transit": "BR24", "Weight": 3}]
