[{"_key": "BR01", "StationID": "BR01", "StationName": "動物園"}, {"_key": "BR02", "StationID": "BR02", "StationName": "木柵"}, {"_key": "BR03", "StationID": "BR03", "StationName": "萬芳社區"}, {"_key": "BR04", "StationID": "BR04", "StationName": "萬芳醫院"}, {"_key": "BR05", "StationID": "BR05", "StationName": "辛亥"}, {"_key": "BR06", "StationID": "BR06", "StationName": "麟光"}, {"_key": "BR07", "StationID": "BR07", "StationName": "六張犁"}, {"_key": "BR08", "StationID": "BR08", "StationName": "科技大樓"}, {"_key": "BR09", "StationID": "BR09", "StationName": "大安"}, {"_key": "BR10", "StationID": "BR10", "StationName": "忠孝復興"}, {"_key": "BR11", "StationID": "BR11", "StationName": "南京復興"}, {"_key": "BR12", "StationID": "BR12", "StationName": "中山國中"}, {"_key": "BR13", "StationID": "BR13", "StationName": "松山機場"}, {"_key": "BR14", "StationID": "BR14", "StationName": "大直"}, {"_key": "BR15", "StationID": "BR15", "StationName": "劍南路"}, {"_key": "BR16", "StationID": "BR16", "StationName": "西湖"}, {"_key": "BR17", "StationID": "BR17", "StationName": "港墘"}, {"_key": "BR18", "StationID": "BR18", "StationName": "文德"}, {"_key": "BR19", "StationID": "BR19", "StationName": "內湖"}, {"_key": "BR20", "StationID": "BR20", "StationName": "大湖公園"}, {"_key": "BR21", "StationID": "BR21", "StationName": "葫洲"}, {"_key": "BR22", "StationID": "BR22", "StationName": "東湖"}, {"_key": "BR23", "StationID": "BR23", "StationName": "南港軟體園區"}, {"_key": "BR24", "StationID": "BR24", "StationName": "南港展覽館"}, {"_key": "R02", "StationID": "R02", "StationName": "象山"}, {"_key": "R03", "StationID": "R03", "StationName": "台北101/世貿"}, {"_key": "R04", "StationID": "R04", "StationName": "信義安和"}, {"_key": "R05", "StationID": "R05", "StationName": "大安"}, {"_key": "R06", "StationID": "R06", "StationName": "大安森林公園"}, {"_key": "R07", "StationID": "R07", "StationName": "東門"}, {"_key": "R08", "StationID": "R08", "StationName": "中正紀念堂"}, {"_key": "R09", "StationID": "R09", "StationName": "台大醫院"}, {"_key": "R10", "StationID": "R10", "StationName": "台北車站"}, {"_key": "R11", "StationID": "R11", "StationName": "中山"}, {"_key": "R12", "StationID": "R12", "StationName": "雙連"}, {"_key": "R13", "StationID": "R13", "StationName": "民權西路"}, {"_key": "R14", "StationID": "R14", "StationName": "圓山"}, {"_key": "R15", "StationID": "R15", "StationName": "劍潭"}, {"_key": "R16", "StationID": "R16", "StationName": "士林"}, {"_key": "R17", "StationID": "R17", "StationName": "芝山"}, {"_key": "R18", "StationID": "R18", "StationName": "明德"}, {"_key": "R19", "StationID": "R19", "StationName": "石牌"}, {"_key": "R20", "StationID": "R20", "StationName": "唭哩岸"}, {"_key": "R21", "StationID": "R21", "StationName": "奇岩"}, {"_key": "R22", "StationID": "R22", "StationName": "北投"}, {"_key": "R23", "StationID": "R23", "StationName": "復興崗"}, {"_key": "R24", "StationID": "R24", "StationName": "忠義"}, {"_key": "R25", "StationID": "R25", "StationName": "關渡"}, {"_key": "R26", "StationID": "R26", "StationName": "竹圍"}, {"_key": "R27", "StationID": "R27", "StationName": "紅樹林"}, {"_key": "R28", "StationID": "R28", "StationName": "淡水"}, {"_key": "G01", "StationID": "G01", "StationName": "新店"}, {"_key": "G02", "StationID": "G02", "StationName": "新店區公所"}, {"_key": "G03", "StationID": "G03", "StationName": "七張"}, {"_key": "G04", "StationID": "G04", "StationName": "大坪林"}, {"_key": "G05", "StationID": "G05", "StationName": "景美"}, {"_key": "G06", "StationID": "G06", "StationName": "萬隆"}, {"_key": "G07", "StationID": "G07", "StationName": "公館"}, {"_key": "G08", "StationID": "G08", "StationName": "台電大樓"}, {"_key": "G09", "StationID": "G09", "StationName": "古亭"}, {"_key": "G10", "StationID": "G10", "StationName": "中正紀念堂"}, {"_key": "G11", "StationID": "G11", "StationName": "小南門"}, {"_key": "G12", "StationID": "G12", "StationName": "西門"}, {"_key": "G13", "StationID": "G13", "StationName": "北門"}, {"_key": "G14", "StationID": "G14", "StationName": "中山"}, {"_key": "G15", "StationID": "G15", "StationName": "松江南京"}, {"_key": "G16", "StationID": "G16", "StationName": "南京復興"}, {"_key": "G17", "StationID": "G17", "StationName": "台北小巨蛋"}, {"_key": "G18", "StationID": "G18", "StationName": "南京三民"}, {"_key": "G19", "StationID": "G19", "StationName": "松山"}, {"_key": "O01", "StationID": "O01", "StationName": "南勢角"}, {"_key": "O02", "StationID": "O02", "StationName": "景安"}, {"_key": "O03", "StationID": "O03", "StationName": "永安市場"}, {"_key": "O04", "StationID": "O04", "StationName": "頂溪"}, {"_key": "O05", "StationID": "O05", "StationName": "古亭"}, {"_key": "O06", "StationID": "O06", "StationName": "東門"}, {"_key": "O07", "StationID": "O07", "StationName": "忠孝新生"}, {"_key": "O08", "StationID": "O08", "StationName": "松江南京"}, {"_key": "O09", "StationID": "O09", "StationName": "行天宮"}, {"_key": "O10", "StationID": "O10", "StationName": "中山國小"}, {"_key": "O11", "StationID": "O11", "StationName": "民權西路"}, {"_key": "O12", "StationID": "O12", "StationName": "大橋頭"}, {"_key": "O13", "StationID": "O13", "StationName": "台北橋"}, {"_key": "O14", "StationID": "O14", "StationName": "菜寮"}, {"_key": "O15", "StationID": "O15", "StationName": "三重"}, {"_key": "O16", "StationID": "O16", "StationName": "先嗇宮"}, {"_key": "O17", "StationID": "O17", "StationName": "頭前庄"}, {"_key": "O18", "StationID": "O18", "StationName": "新莊"}, {"_key": "O19", "StationID": "O19", "StationName": "輔大"}, {"_key": "O20", "StationID": "O20", "StationName": "丹鳳"}, {"_key": "O21", "StationID": "O21", "StationName": "迴龍"}, {"_key": "O50", "StationID": "O50", "StationName": "三重國小"}, {"_key": "O51", "StationID": "O51", "StationName": "三和國中"}, {"_key": "O52", "StationID": "O52", "StationName": "徐匯中學"}, {"_key": "O53", "StationID": "O53", "StationName": "三民高中"}, {"_key": "O54", "StationID": "O54", "StationName": "蘆洲"}, {"_key": "BL01", "StationID": "BL01", "StationName": "頂埔"}, {"_key": "BL02", "StationID": "BL02", "StationName": "永寧"}, {"_key": "BL03", "StationID": "BL03", "StationName": "土城"}, {"_key": "BL04", "StationID": "BL04", "StationName": "海山"}, {"_key": "BL05", "StationID": "BL05", "StationName": "亞東醫院"}, {"_key": "BL06", "StationID": "BL06", "StationName": "府中"}, {"_key": "BL07", "StationID": "BL07", "StationName": "板橋"}, {"_key": "BL08", "StationID": "BL08", "StationName": "新埔"}, {"_key": "BL09", "StationID": "BL09", "StationName": "江子翠"}, {"_key": "BL10", "StationID": "BL10", "StationName": "龍山寺"}, {"_key": "BL11", "StationID": "BL11", "StationName": "西門"}, {"_key": "BL12", "StationID": "BL12", "StationName": "台北車站"}, {"_key": "BL13", "StationID": "BL13", "StationName": "善導寺"}, {"_key": "BL14", "StationID": "BL14", "StationName": "忠孝新生"}, {"_key": "BL15", "StationID": "BL15", "StationName": "忠孝復興"}, {"_key": "BL16", "StationID": "BL16", "StationName": "忠孝敦化"}, {"_key": "BL17", "StationID": "BL17", "StationName": "國父紀念館"}, {"_key": "BL18", "StationID": "BL18", "StationName": "市政府"}, {"_key": "BL19", "StationID": "BL19", "StationName": "永春"}, {"_key": "BL20", "StationID": "BL20", "StationName": "後山埤"}, {"_key": "BL21", "StationID": "BL21", "StationName": "昆陽"}, {"_key": "BL22", "StationID": "BL22", "StationName": "南港"}, {"_key": "BL23", "StationID": "BL23", "StationName": "南港展覽館"}, {"_key": "Y07", "StationID": "Y07", "StationName": "大坪林"}, {"_key": "Y08", "StationID": "Y08", "StationName": "十四張"}, {"_key": "Y09", "StationID": "Y09", "StationName": "秀朗橋"}, {"_key": "Y10", "StationID": "Y10", "StationName": "景平"}, {"_key": "Y11", "StationID": "Y11", "StationName": "景安"}, {"_key": "Y12", "StationID": "Y12", "StationName": "中和"}, {"_key": "Y13", "StationID": "Y13", "StationName": "橋和"}, {"_key": "Y14", "StationID": "Y14", "StationName": "中原"}, {"_key": "Y15", "StationID": "Y15", "StationName": "板新"}, {"_key": "Y16", "StationID": "Y16", "StationName": "板橋"}, {"_key": "Y17", "StationID": "Y17", "StationName": "新埔民生"}, {"_key": "Y18", "StationID": "Y18", "StationName": "頭前庄"}, {"_key": "Y19", "StationID": "Y19", "StationName": "幸福"}, {"_key": "Y20", "StationID": "Y20", "StationName": "新北產業園區"}, {"_key": "G03A", "StationID": "G03A", "StationName": "小碧潭"}, {"_key": "R22A", "StationID": "R22A", "StationName": "新北投"}]
